<?xml version="1.0" encoding="UTF-8"?><?xml-stylesheet type='text/xsl' href='_UpgradeReport_Files/UpgradeReport.xslt'?><UpgradeLog>
<Properties><Property Name="Solution" Value="ZedGraph.Demo">
</Property><Property Name="Solution File" Value="C:\Users\HarjitS\Desktop\zedGraph_demo_5.1.2\InteractiveDemo\ZedGraph.Demo.sln">
</Property><Property Name="Date" Value="Friday, July 15, 2011">
</Property><Property Name="Time" Value="22:32 PM">
</Property></Properties><Event ErrorLevel="0" Project="ZedGraph.Demo" Source="ZedGraph.Demo.csproj" Description="Project converted successfully">
</Event><Event ErrorLevel="3" Project="ZedGraph.Demo" Source="ZedGraph.Demo.csproj" Description="Converted">
</Event><Event ErrorLevel="0" Project="" Source="ZedGraph.Demo.sln" Description="Solution converted successfully">
</Event><Event ErrorLevel="3" Project="" Source="ZedGraph.Demo.sln" Description="Converted">
</Event><Event ErrorLevel="0" Project="ZedGraph.Demo" Source="ZedGraph.Demo.csproj" Description="Scan complete: Upgrade not required for project files.">
</Event></UpgradeLog>